particle_id,z_0,z_1
particle_0000_00,1.332857,-3.130635
particle_0000_01,-2.762120,-2.227259
particle_0000_02,-1.505666,-2.754537
