particle_id,z_0,z_1
particle_0000_00,-3.371981,0.440836
particle_0000_01,-2.713476,-2.239587
particle_0000_02,-2.653154,-1.264769
