particle_id,z_0,z_1
particle_0000_00,1.808122,1.392121
particle_0000_01,0.661531,2.936752
particle_0000_02,1.150801,2.472265
