particle_id,z_0,z_1
particle_0000_00,2.497257,0.735343
particle_0000_01,2.110568,-1.582890
particle_0000_02,2.322546,-0.834829
