particle_id,z_0,z_1
particle_0000_00,2.327742,0.428877
particle_0000_01,2.681802,-1.750978
particle_0000_02,2.589692,-0.833684
