particle_id,z_0,z_1
particle_0000_00,-0.396570,-2.671726
particle_0000_01,2.439322,-2.725662
particle_0000_02,1.458107,-2.798012
